{"cameraMode":{"drawMode":0,"name":"Shaded","section":"Shading Mode"},"sceneLighting":true,"audioPlay":false,"sceneViewState":{"showFog":false,"showMaterialUpdate":false,"showSkybox":false,"showFlares":false,"showImageEffects":false,"showParticleSystems":false},"in2DMode":false,"pivot":{"x":-122.72023010253906,"y":-157.881103515625,"z":639.6366577148438},"rotation":{"x":0.12389679998159409,"y":-0.09659337252378464,"z":0.012118999846279621,"w":0.987508237361908},"size":864.6012573242188,"orthographic":false}