{"cameraMode":{"drawMode":0,"name":"Shaded","section":"Shading Mode"},"sceneLighting":false,"audioPlay":false,"sceneViewState":{"showFog":false,"showMaterialUpdate":false,"showSkybox":false,"showFlares":false,"showImageEffects":false,"showParticleSystems":false},"in2DMode":false,"pivot":{"x":-0.3400000333786011,"y":0.26249998807907107,"z":0.6119999885559082},"rotation":{"x":0.2214645892381668,"y":-0.06431155651807785,"z":0.014638989232480526,"w":0.9729353785514832},"size":7.184596538543701,"orthographic":false}